titulo,texto,competicao,assunto_principal,relevancia,exige_dados_atualizados,faltam_dados,tempo_cliente_ms
Disputa pela liderança do Brasileirão,"Com os resultados da rodada deste fim de semana, quais clubes ainda podem assumir a liderança do Campeonato Brasileiro e quais critérios de desempate podem ser decisivos?",campeonato_brasileiro,jogo_resultado,1.4999,0.5514,0.5888,212.28
Risco de rebaixamento,"Faltando três rodadas para o fim do Brasileirão, o clube está dois pontos acima da zona de rebaixamento. Quais resultados da próxima rodada podem colocá-lo no Z4?",campeonato_brasileiro,jogo_resultado,1.5074,0.4643,0.3757,183.89
Confronto das oitavas da Libertadores,O time empatou o jogo de ida das oitavas de final da Libertadores fora de casa. O que precisa fazer na partida de volta para avançar e como funciona o desempate?,libertadores,jogo_resultado,1.6192,0.1039,0.4204,182.28
Desfalques na semifinal,Dois titulares estão suspensos e o principal atacante sofreu lesão antes da semifinal da Libertadores. Como essas ausências podem afetar a escalação e o desempenho da equipe?,ambas,elenco_mercado,1.4138,0.9051,0.6134,174.95
Calendário entre duas competições,O clube disputará uma partida decisiva do Brasileirão três dias antes da volta das quartas de final da Libertadores. Deve poupar titulares e qual competição merece prioridade?,campeonato_brasileiro,jogo_resultado,1.6214,0.3699,0.3871,174.6
Vaga na Libertadores pelo Brasileirão,O sexto colocado do Campeonato Brasileiro garante vaga direta ou precisa disputar a fase preliminar da próxima Libertadores?,libertadores,classificacao,1.6694,0.1015,0.3167,157.86
Final da Libertadores,"Quais foram os finalistas da Libertadores desta temporada, onde será a decisão e qual equipe chega com melhor desempenho recente?",libertadores,jogo_resultado,1.6467,0.1429,0.3232,159.63
Mercado durante o Brasileirão,A venda do artilheiro no meio do Campeonato Brasileiro pode comprometer a disputa pelo título? O clube ainda pode registrar um substituto?,campeonato_brasileiro,outro,1.5485,0.5278,0.4829,167.4
Análise de desempenho,"O time venceu apenas uma das últimas seis partidas, mas segue no G4 do Brasileirão. A queda de desempenho é ofensiva ou defensiva?",campeonato_brasileiro,jogo_resultado,1.2286,0.3691,0.3981,170.07
Situação sem contexto suficiente,O time perdeu ontem e agora precisa vencer o próximo jogo. Ainda tem chance de classificação?,campeonato_brasileiro,jogo_resultado,1.2476,0.1321,0.4003,154.96
